id,animeId,site,url
1,78,a39,https://statcounter.com/tempus/semper/est/quam.html
2,133,curae5,https://usa.gov/mollis/molestie/lorem/quisque/ut/erat/curabitur.aspx
3,121,enim33,http://kickstarter.com/justo/eu/massa/donec/dapibus/duis.jpg
4,71,ultrices34,http://mysql.com/augue/aliquam/erat/volutpat/in/congue.json
5,9,vitae12,http://liveinternet.ru/tortor/duis/mattis/egestas/metus/aenean/fermentum.html
6,133,primis19,http://uiuc.edu/tempus/vel/pede/morbi/porttitor/lorem.jsp
7,78,in8,https://edublogs.org/rutrum/neque/aenean/auctor/gravida/sem.js
8,115,quam16,http://hhs.gov/metus/arcu/adipiscing/molestie/hendrerit.xml
9,23,mus12,http://hhs.gov/feugiat/non.js
10,145,nulla42,http://harvard.edu/posuere/cubilia/curae/mauris.png
11,46,in49,https://usda.gov/sagittis/nam/congue/risus/semper/porta.html
12,18,lacus31,http://addthis.com/nam/tristique/tortor/eu.xml
13,60,accumsan34,https://dmoz.org/quis/turpis/eget/elit/sodales/scelerisque/mauris.xml
14,142,nunc15,http://scientificamerican.com/vitae/nisi/nam/ultrices/libero/non.png
15,101,donec39,https://mashable.com/venenatis.jpg
16,79,erat46,http://drupal.org/libero/quis.json
17,8,odio39,https://soup.io/vel/enim/sit/amet/nunc/viverra/dapibus.jpg
18,29,ridiculus16,https://blogger.com/ligula/vehicula.json
19,108,purus0,http://wikipedia.org/in/porttitor.js
20,147,viverra29,http://booking.com/id/consequat.png
21,88,imperdiet2,https://harvard.edu/integer/ac/neque/duis/bibendum/morbi/non.json
22,83,ut46,http://weibo.com/odio/odio/elementum.jsp
23,58,habitasse11,http://nifty.com/semper/sapien/a/libero.js
24,49,sit45,http://prlog.org/pede/ullamcorper/augue.js
25,130,non4,http://examiner.com/fusce.js
26,52,augue31,https://geocities.com/orci/pede/venenatis/non/sodales/sed/tincidunt.json
27,19,in13,https://cbc.ca/ac/lobortis/vel/dapibus.jsp
28,145,tempus3,https://google.co.uk/eleifend/donec/ut/dolor/morbi/vel.js
29,21,eu30,http://stanford.edu/eget.jpg
30,59,posuere46,http://dot.gov/duis/mattis/egestas.xml
31,115,hac13,https://home.pl/quisque/porta/volutpat.jsp
32,49,enim32,https://google.es/massa/id/nisl/venenatis/lacinia/aenean/sit.jsp
33,132,dapibus36,http://un.org/dapibus/nulla.xml
34,109,tincidunt14,http://vk.com/augue/vestibulum/ante/ipsum/primis/in/faucibus.png
35,49,commodo43,http://pbs.org/vehicula/condimentum.js
36,120,vel16,http://goo.ne.jp/id/turpis/integer/aliquet/massa.xml
37,79,sed5,http://mozilla.org/lacus/at/velit/vivamus/vel/nulla/eget.aspx
38,49,donec40,https://merriam-webster.com/lectus/in/quam/fringilla/rhoncus/mauris.js
39,18,quam18,http://zimbio.com/vulputate/luctus/cum/sociis/natoque.jpg
40,51,justo24,https://twitter.com/quam.html
41,32,ipsum41,http://buzzfeed.com/libero/ut.js
42,6,sed41,http://globo.com/vulputate/vitae/nisl/aenean/lectus/pellentesque.json
43,83,et0,https://bigcartel.com/imperdiet/sapien/urna.aspx
44,144,vitae39,http://timesonline.co.uk/turpis/sed/ante/vivamus.jsp
45,83,curae16,http://canalblog.com/elementum/nullam/varius/nulla/facilisi/cras.jpg
46,124,ipsum38,http://jigsy.com/et/tempus/semper/est/quam/pharetra.json
47,85,vestibulum12,http://weebly.com/molestie/sed/justo/pellentesque/viverra/pede.js
48,23,quis0,http://sbwire.com/curae/donec/pharetra/magna.js
49,121,justo48,https://spiegel.de/ac/leo/pellentesque/ultrices/mattis/odio.aspx
50,83,at33,https://berkeley.edu/in/faucibus/orci.jpg
51,90,morbi27,http://icq.com/odio/consequat/varius/integer/ac/leo.jsp
52,43,tempus48,http://ow.ly/imperdiet/et/commodo/vulputate/justo.xml
53,150,ut40,https://thetimes.co.uk/felis/donec/semper/sapien/a/libero/nam.jpg
54,19,velit25,http://is.gd/interdum/mauris/ullamcorper/purus/sit.jsp
55,109,tempor2,http://pcworld.com/proin.json
56,85,volutpat22,http://ftc.gov/sit/amet/nulla/quisque/arcu/libero.js
57,46,nisl27,http://trellian.com/est/et/tempus/semper/est.aspx
58,89,posuere40,http://indiegogo.com/neque.jsp
59,60,at13,https://trellian.com/aliquet/maecenas/leo/odio/condimentum.xml
60,145,risus12,https://ycombinator.com/maecenas/tristique/est.html
61,59,pede28,https://delicious.com/ligula/suspendisse.png
62,27,consequat18,https://umich.edu/ullamcorper.aspx
63,97,nunc9,https://altervista.org/hac/habitasse/platea/dictumst.jsp
64,75,in27,http://t-online.de/in/ante/vestibulum/ante/ipsum/primis/in.js
65,41,libero13,https://sphinn.com/sagittis/dui/vel/nisl.jsp
66,100,justo49,https://dyndns.org/diam/cras/pellentesque.jpg
67,146,at11,https://dedecms.com/tempus/sit/amet/sem.aspx
68,98,at16,https://indiegogo.com/duis/bibendum/felis/sed/interdum/venenatis/turpis.xml
69,13,fusce37,https://t-online.de/nulla/pede/ullamcorper.jpg
70,34,eros48,https://w3.org/vestibulum/eget/vulputate/ut/ultrices.xml
71,113,dictumst30,https://dropbox.com/imperdiet/nullam/orci/pede/venenatis/non.js
72,84,integer27,https://omniture.com/at/nibh.json
73,47,consequat15,http://pagesperso-orange.fr/fermentum/donec/ut/mauris/eget/massa/tempor.xml
74,55,varius47,https://cmu.edu/rutrum/rutrum/neque/aenean/auctor.png
75,24,amet30,https://ibm.com/fringilla/rhoncus/mauris/enim/leo/rhoncus/sed.png
76,128,pede29,https://xrea.com/sed/sagittis/nam/congue/risus.png
77,122,erat27,http://seesaa.net/nulla.json
78,150,donec16,http://myspace.com/sed/lacus/morbi/sem/mauris.html
79,38,at3,https://arizona.edu/sapien/sapien/non/mi/integer.html
80,57,luctus36,http://meetup.com/id/massa/id.jpg
81,108,semper19,http://indiatimes.com/nulla/quisque/arcu/libero/rutrum/ac/lobortis.aspx
82,144,lacus9,http://wunderground.com/justo.jpg
83,121,id17,https://google.pl/turpis/elementum/ligula/vehicula/consequat/morbi/a.json
84,34,tempus16,http://dagondesign.com/ultrices/mattis/odio/donec.js
85,75,tristique4,http://wikimedia.org/nunc/viverra/dapibus/nulla/suscipit/ligula.png
86,35,urna38,https://engadget.com/sem/praesent.jpg
87,33,elit32,https://wordpress.org/sed/tincidunt/eu/felis/fusce/posuere/felis.xml
88,138,iaculis44,https://networkadvertising.org/suspendisse/potenti.html
89,98,viverra11,https://mysql.com/tortor/duis/mattis/egestas/metus.jpg
90,83,nulla48,http://blog.com/at/dolor/quis/odio/consequat/varius.png
91,101,dapibus41,http://arizona.edu/ut/nulla/sed/accumsan/felis/ut.js
92,42,cubilia33,http://mtv.com/consequat/ut/nulla.js
93,140,vel17,https://ifeng.com/est/congue/elementum/in.json
94,6,quisque22,https://fc2.com/sem/fusce/consequat/nulla/nisl/nunc/nisl.jpg
95,71,at11,http://usatoday.com/rhoncus/aliquet.png
96,59,cubilia7,https://state.tx.us/massa/id/nisl/venenatis.html
97,114,tempor18,http://illinois.edu/vestibulum.xml
98,3,a41,http://edublogs.org/suspendisse/potenti/cras/in.json
99,93,consequat31,http://live.com/vivamus/vestibulum.png
100,141,volutpat49,https://smh.com.au/aenean/lectus/pellentesque/eget/nunc/donec.json
101,50,dapibus4,https://symantec.com/aliquam/non.jpg
102,102,potenti29,http://squidoo.com/vehicula/consequat/morbi/a/ipsum.json
103,19,nunc6,https://theglobeandmail.com/feugiat/non/pretium/quis/lectus.json
104,146,luctus41,http://nhs.uk/ridiculus/mus/vivamus/vestibulum/sagittis.jsp
105,22,elit6,https://cnn.com/nonummy/maecenas/tincidunt/lacus/at/velit/vivamus.xml
106,91,in46,http://bandcamp.com/lectus/aliquam/sit/amet/diam/in.jpg
107,84,varius32,https://spiegel.de/porttitor/lorem.png
108,72,nisi43,https://ebay.com/enim/lorem/ipsum/dolor.js
109,143,id1,http://furl.net/orci/nullam/molestie/nibh.aspx
110,49,tellus14,https://economist.com/neque/libero.xml
111,58,nec24,https://spotify.com/tortor/eu/pede.xml
112,34,imperdiet46,http://livejournal.com/in/felis/donec/semper.html
113,35,justo42,http://theatlantic.com/vitae/consectetuer/eget/rutrum/at/lorem.aspx
114,23,eget25,http://amazon.co.uk/ante.html
115,30,dapibus0,https://vinaora.com/ligula/nec/sem/duis/aliquam.jpg
116,148,ipsum8,https://cornell.edu/id/nulla/ultrices/aliquet.png
117,80,donec25,https://bigcartel.com/in/est.js
118,61,vel4,http://auda.org.au/in/felis/eu.json
119,29,erat27,http://vimeo.com/lobortis/ligula/sit/amet/eleifend/pede.json
120,100,id37,http://amazon.com/posuere/cubilia/curae/mauris/viverra/diam.aspx
121,29,pellentesque35,https://dmoz.org/augue/vestibulum/rutrum/rutrum/neque/aenean/auctor.png
122,15,eros49,https://tripod.com/vivamus.js
123,83,pede20,http://wp.com/volutpat/eleifend/donec/ut/dolor.jsp
124,126,adipiscing17,http://lycos.com/nam/tristique/tortor/eu.jpg
125,71,varius27,https://aboutads.info/venenatis/turpis/enim.png
126,62,quis0,https://odnoklassniki.ru/ullamcorper/augue/a/suscipit/nulla.html
127,12,vestibulum17,https://columbia.edu/nisi/eu/orci/mauris/lacinia/sapien.js
128,67,porta25,https://nasa.gov/erat/volutpat/in.jpg
129,120,sed19,https://vinaora.com/leo/maecenas/pulvinar/lobortis.aspx
130,9,mauris13,https://abc.net.au/mi/in/porttitor.png
131,88,maecenas1,https://cocolog-nifty.com/platea/dictumst/aliquam/augue.png
132,54,nisl22,http://purevolume.com/pellentesque.jsp
133,142,vestibulum46,http://dmoz.org/cum/sociis/natoque/penatibus.json
134,139,sit6,http://ucsd.edu/mauris/laoreet/ut/rhoncus/aliquet/pulvinar.js
135,62,congue40,http://yahoo.com/justo.html
136,83,montes34,https://imageshack.us/lorem/vitae/mattis/nibh/ligula.jsp
137,59,libero17,https://amazon.com/vel/nulla/eget.jpg
138,14,habitasse24,https://msu.edu/egestas/metus/aenean.jsp
139,77,massa15,http://mtv.com/dignissim.png
140,140,tellus17,http://bbc.co.uk/mattis/nibh/ligula/nec.json
141,9,vel5,https://seattletimes.com/augue/vestibulum/ante/ipsum.xml
142,38,ligula25,https://nsw.gov.au/sed/vel/enim/sit.jpg
143,30,quis31,http://go.com/habitasse/platea.xml
144,10,ut48,https://ox.ac.uk/pretium/nisl/ut/volutpat/sapien/arcu/sed.jsp
145,125,sit38,https://4shared.com/vulputate/elementum/nullam/varius/nulla.xml
146,99,velit14,http://barnesandnoble.com/nisl/venenatis/lacinia/aenean/sit/amet.aspx
147,76,magna18,https://sina.com.cn/vel/est/donec/odio/justo.jsp
148,9,odio30,http://microsoft.com/eros/viverra/eget/congue/eget/semper.js
149,139,in34,http://typepad.com/sapien/cursus/vestibulum.png
150,104,suspendisse14,http://senate.gov/habitasse.png
151,59,sodales45,http://yale.edu/sed/justo.aspx
152,70,ac33,http://un.org/porttitor/lorem/id.xml
153,150,posuere19,http://blogspot.com/eu/mi/nulla/ac.png
154,34,lorem28,http://google.ca/sit/amet/consectetuer.html
155,19,eu0,http://cloudflare.com/in/faucibus/orci/luctus/et.js
156,105,quis25,http://twitter.com/vivamus/vestibulum/sagittis/sapien/cum/sociis.png
157,31,donec27,http://wix.com/posuere/cubilia/curae/donec.jpg
158,11,vel42,https://tamu.edu/nascetur/ridiculus.jpg
159,116,lorem3,https://dailymail.co.uk/nisl/duis/bibendum/felis/sed.png
160,17,vitae16,https://guardian.co.uk/semper/est/quam/pharetra/magna/ac/consequat.html
161,36,integer31,https://blogtalkradio.com/odio/odio/elementum.json
162,65,in2,http://wisc.edu/sapien/dignissim/vestibulum/vestibulum.js
163,77,vestibulum48,http://state.tx.us/sollicitudin/vitae/consectetuer/eget/rutrum/at/lorem.aspx
164,13,tortor14,http://gmpg.org/diam/id/ornare/imperdiet.png
165,81,nisl3,https://dion.ne.jp/blandit/ultrices/enim/lorem/ipsum.js
166,107,cras46,https://bloglines.com/platea.jsp
167,137,nisi9,http://soup.io/luctus/cum/sociis.json
168,20,cubilia43,https://webeden.co.uk/nulla/quisque/arcu/libero/rutrum.json
169,82,sed14,http://epa.gov/cursus/vestibulum/proin/eu.js
170,79,eu44,http://wiley.com/turpis.xml
171,99,eget20,http://multiply.com/ut/massa/volutpat/convallis/morbi.html
172,142,purus12,https://soup.io/porttitor/id/consequat/in/consequat/ut/nulla.json
173,98,accumsan4,http://youku.com/purus/aliquet/at/feugiat.jsp
174,73,vitae1,http://canalblog.com/quisque/porta/volutpat/erat/quisque/erat.jsp
175,61,phasellus25,http://businessinsider.com/ipsum/primis/in.aspx
176,82,semper3,https://yellowbook.com/in/quam/fringilla/rhoncus/mauris/enim/leo.xml
177,145,donec47,https://360.cn/fusce.js
178,11,interdum15,http://yale.edu/mauris/lacinia/sapien/quis/libero.jsp
179,2,ante36,https://cyberchimps.com/libero/quis/orci/nullam/molestie/nibh.jpg
180,70,interdum7,http://columbia.edu/amet/sem.js
181,28,sagittis6,http://t-online.de/adipiscing.html
182,97,amet2,http://youtube.com/nulla/dapibus/dolor.png
183,9,viverra9,http://comsenz.com/adipiscing/elit/proin/interdum/mauris/non.js
184,136,vulputate35,http://chronoengine.com/varius/integer/ac/leo/pellentesque.js
185,30,accumsan33,https://upenn.edu/varius/nulla/facilisi/cras/non.aspx
186,36,id25,https://admin.ch/pede/justo/lacinia/eget/tincidunt/eget.png
187,50,pellentesque22,https://myspace.com/quisque.js
188,32,consequat25,http://amazonaws.com/eget/rutrum/at.js
189,49,id24,http://nymag.com/lacus/at/velit/vivamus/vel.png
190,75,ligula22,http://mashable.com/donec/semper/sapien/a.jpg
191,44,odio13,http://cafepress.com/amet/consectetuer/adipiscing.xml
192,113,morbi28,https://zimbio.com/quam/pharetra/magna/ac/consequat.js
193,143,id12,http://skyrock.com/viverra/eget/congue.jpg
194,130,in29,http://wisc.edu/velit/nec/nisi.xml
195,120,sit44,http://dyndns.org/vel/sem/sed/sagittis/nam/congue.html
196,85,vel43,http://exblog.jp/blandit/lacinia/erat/vestibulum/sed/magna/at.html
197,3,diam12,https://google.pl/libero/quis/orci.aspx
198,59,lorem26,http://soundcloud.com/tristique/in.jsp
199,38,at38,http://w3.org/ipsum/aliquam/non/mauris/morbi/non.aspx
200,21,integer37,http://ocn.ne.jp/varius/nulla.xml
201,11,nisi6,http://mozilla.org/ligula/nec/sem/duis/aliquam/convallis.js
202,48,cum13,https://state.gov/risus/semper/porta/volutpat/quam/pede.aspx
203,137,sollicitudin50,http://51.la/duis.json
204,36,molestie28,http://furl.net/scelerisque/quam/turpis/adipiscing.json
205,9,nam44,http://4shared.com/felis/sed/interdum.xml
206,44,ac8,https://jalbum.net/consequat/in/consequat/ut/nulla.js
207,58,bibendum33,http://ezinearticles.com/duis/aliquam/convallis/nunc/proin/at/turpis.jsp
208,54,sed32,http://skype.com/nulla/sed/accumsan/felis/ut.png
209,97,volutpat20,https://furl.net/suscipit/ligula/in.png
210,136,nam45,http://wufoo.com/sit/amet.png
211,141,vestibulum28,http://desdev.cn/ipsum/primis/in.html
212,150,lectus36,https://berkeley.edu/id/ligula/suspendisse/ornare.jsp
213,38,tincidunt47,https://arizona.edu/diam/cras/pellentesque/volutpat/dui/maecenas.jsp
214,64,sit49,https://w3.org/morbi/non/quam/nec/dui/luctus/rutrum.html
215,89,morbi3,https://google.pl/interdum/in/ante.html
216,136,faucibus38,https://drupal.org/vitae.jsp
217,102,rutrum18,http://phpbb.com/molestie/sed.json
218,14,lacus36,http://com.com/ut/blandit/non/interdum/in.js
219,83,vivamus49,https://usa.gov/metus/aenean/fermentum/donec/ut/mauris.json
220,100,vestibulum21,https://cbc.ca/augue.json
221,68,vulputate19,http://facebook.com/vivamus/tortor/duis/mattis.jpg
222,3,sit41,http://oaic.gov.au/elementum.html
223,111,ligula50,http://pinterest.com/porttitor/lorem.aspx
224,36,vel28,http://mac.com/vel/ipsum/praesent/blandit.js
225,47,non18,http://devhub.com/purus/phasellus/in/felis.xml
226,46,suspendisse33,http://facebook.com/id/justo/sit/amet/sapien/dignissim/vestibulum.png
227,6,ac4,http://alexa.com/venenatis/turpis/enim/blandit/mi/in.jsp
228,129,suspendisse26,http://naver.com/rutrum/rutrum/neque/aenean.json
229,23,consectetuer1,http://twitpic.com/quisque.xml
230,51,mauris23,https://cbsnews.com/lectus/in/est/risus/auctor/sed/tristique.aspx
231,91,volutpat19,http://unblog.fr/neque/libero/convallis.js
232,50,et3,https://nature.com/eu/interdum/eu/tincidunt/in/leo/maecenas.json
233,70,sapien18,http://google.de/natoque/penatibus/et/magnis/dis.html
234,131,ut32,http://nifty.com/nulla/neque/libero/convallis/eget/eleifend/luctus.xml
235,94,at18,http://answers.com/ac/tellus/semper/interdum/mauris.js
236,148,nunc49,https://dot.gov/pellentesque/at/nulla/suspendisse/potenti.html
237,46,elit33,https://go.com/sit.aspx
238,33,est46,https://baidu.com/viverra/pede.jsp
239,111,quam26,https://kickstarter.com/nulla/tempus/vivamus.json
240,36,at6,https://vkontakte.ru/lectus/suspendisse/potenti.js
241,50,in4,http://etsy.com/cras/mi/pede/malesuada/in/imperdiet.aspx
242,35,eu38,http://europa.eu/montes/nascetur/ridiculus/mus/vivamus/vestibulum/sagittis.js
243,36,eu12,http://shareasale.com/tristique/fusce/congue.jsp
244,37,sit39,http://e-recht24.de/ipsum/praesent/blandit/lacinia/erat.js
245,37,vel7,https://about.me/arcu.jpg
246,102,at1,http://admin.ch/sem/fusce/consequat.html
247,61,arcu30,https://tripod.com/pellentesque.js
248,3,in30,https://ameblo.jp/dui/luctus/rutrum/nulla/tellus.json
249,141,quis18,http://ucoz.com/diam.xml
250,110,justo7,https://earthlink.net/in/felis/donec/semper.json
251,90,mauris22,https://elegantthemes.com/vulputate/nonummy/maecenas/tincidunt.jpg
252,104,nam4,http://umn.edu/sem/fusce/consequat/nulla/nisl/nunc.json
253,111,orci18,https://4shared.com/tristique/fusce/congue/diam/id.png
254,83,in22,https://github.io/eu/orci/mauris/lacinia/sapien/quis/libero.xml
255,14,in12,https://dell.com/leo/odio/porttitor/id/consequat/in/consequat.json
256,51,volutpat12,https://un.org/sapien/urna/pretium/nisl/ut.aspx
257,21,a7,https://wordpress.com/nulla/eget/eros.aspx
258,40,eu27,http://umn.edu/dolor/morbi.jpg
259,134,vestibulum27,https://jalbum.net/ultrices/mattis/odio/donec/vitae.html
260,56,integer25,http://abc.net.au/eleifend/luctus.js
261,96,vel45,http://senate.gov/sem/sed/sagittis/nam.html
262,128,mattis33,http://huffingtonpost.com/curabitur.jsp
263,148,posuere4,http://ft.com/eget/eros/elementum/pellentesque/quisque.js
264,21,congue8,https://godaddy.com/amet/justo/morbi/ut/odio/cras/mi.xml
265,121,congue49,https://ning.com/velit/nec/nisi/vulputate/nonummy.png
266,66,consequat19,https://flavors.me/urna/pretium/nisl/ut.jpg
267,83,elit45,http://wikipedia.org/sapien/cursus/vestibulum/proin/eu.json
268,44,adipiscing22,http://rakuten.co.jp/arcu/sed.js
269,19,adipiscing9,http://earthlink.net/felis/sed/lacus.js
270,110,in30,http://fotki.com/elementum/ligula/vehicula/consequat/morbi.jsp
271,147,vel46,https://unc.edu/sit/amet/erat.xml
272,56,lorem2,https://icq.com/ac/est/lacinia/nisi.js
273,24,in45,http://scribd.com/tempus/vel/pede/morbi/porttitor.jsp
274,50,cursus28,http://miibeian.gov.cn/orci.aspx
275,46,eros9,http://flavors.me/suspendisse/accumsan/tortor/quis.xml
276,16,nullam25,https://e-recht24.de/mauris/ullamcorper/purus.json
277,37,iaculis34,https://tinyurl.com/et/ultrices/posuere.png
278,117,erat9,https://mtv.com/phasellus/in/felis/donec/semper/sapien.html
279,95,velit21,http://friendfeed.com/sed/vestibulum/sit/amet/cursus.jsp
280,17,sed38,http://yahoo.com/metus.html
281,36,magnis31,http://deviantart.com/sed.html
282,64,in1,http://nature.com/risus/dapibus/augue/vel/accumsan/tellus.jsp
283,95,curae23,http://earthlink.net/dis.jsp
284,39,id1,http://ebay.com/ac/lobortis/vel/dapibus/at/diam.html
285,27,nulla20,https://ustream.tv/metus/aenean/fermentum/donec/ut.js
286,31,libero7,https://disqus.com/massa/id/nisl/venenatis/lacinia.js
287,35,duis16,https://barnesandnoble.com/eget/eleifend/luctus/ultricies/eu/nibh/quisque.js
288,37,tincidunt50,http://mediafire.com/ac.xml
289,118,pretium47,https://businesswire.com/sapien/in/sapien/iaculis/congue/vivamus/metus.json
290,67,ac42,http://psu.edu/varius.jsp
291,59,eget49,https://sogou.com/turpis/sed/ante/vivamus.js
292,130,mauris7,http://bigcartel.com/libero/ut/massa/volutpat.xml
293,26,quis34,http://slashdot.org/odio/cras/mi/pede/malesuada/in/imperdiet.aspx
294,21,felis49,http://homestead.com/tortor/duis.png
295,90,tempor31,https://feedburner.com/cubilia/curae/donec/pharetra/magna.xml
296,10,etiam32,https://nytimes.com/in/tempor/turpis/nec/euismod/scelerisque/quam.js
297,100,donec7,https://newyorker.com/iaculis/congue/vivamus/metus/arcu.jpg
298,102,interdum20,https://purevolume.com/sapien/sapien/non/mi/integer/ac.aspx
299,21,cum50,https://chron.com/maecenas/pulvinar/lobortis/est/phasellus.jsp
300,98,ultrices24,https://elegantthemes.com/mi/integer/ac/neque/duis/bibendum.html
301,114,lacus13,https://goo.gl/nulla/tempus/vivamus/in/felis.html
302,88,accumsan28,http://mail.ru/imperdiet/sapien/urna/pretium/nisl.js
303,125,lacinia41,https://go.com/at/lorem/integer/tincidunt/ante/vel.html
304,52,velit1,http://foxnews.com/a/pede/posuere/nonummy.jpg
305,21,morbi48,https://sitemeter.com/vivamus/in/felis/eu.json
306,39,magnis30,http://ning.com/fusce/posuere/felis.html
307,52,luctus5,https://reference.com/sapien/placerat/ante/nulla.json
308,7,potenti40,http://ustream.tv/cursus/vestibulum/proin/eu/mi/nulla.jsp
309,137,nunc11,http://noaa.gov/nunc.jsp
310,147,semper36,http://businessinsider.com/sapien/in/sapien/iaculis.png
311,15,faucibus20,https://abc.net.au/congue/elementum/in/hac/habitasse/platea.html
312,85,vel32,http://blog.com/tempus/semper.json
313,25,nulla13,http://census.gov/arcu/sed.jpg
314,35,ridiculus22,http://dell.com/quis.html
315,13,interdum40,https://google.pl/luctus/et/ultrices/posuere/cubilia.aspx
316,36,imperdiet43,http://indiegogo.com/mauris/lacinia/sapien/quis/libero.html
317,131,quam0,https://amazon.com/suspendisse/potenti/in/eleifend/quam/a.aspx
318,23,in12,https://elpais.com/ipsum/aliquam.json
319,145,interdum44,http://nih.gov/quis/orci/nullam.js
320,52,blandit47,http://uiuc.edu/pellentesque/eget.jsp
321,100,nunc1,https://domainmarket.com/amet/nunc/viverra/dapibus/nulla.js
322,88,lectus5,https://surveymonkey.com/feugiat.json
323,15,mauris9,http://blogspot.com/sociis/natoque/penatibus/et.png
324,108,nisi30,http://yellowbook.com/eros/elementum.jsp
325,131,odio7,https://google.ru/curae/donec/pharetra/magna/vestibulum.png
326,39,elementum29,http://fastcompany.com/porttitor/lorem/id.jsp
327,99,velit40,https://rambler.ru/nulla/facilisi/cras/non/velit/nec.js
328,142,purus41,https://de.vu/auctor/sed/tristique/in/tempus/sit.jpg
329,100,at46,http://weebly.com/nibh/in/lectus.png
330,104,ultrices29,https://hc360.com/tincidunt/lacus/at.json
331,111,amet12,http://usda.gov/in.js
332,93,ante5,https://amazonaws.com/rutrum/at/lorem.png
333,35,est19,http://domainmarket.com/gravida/nisi/at.aspx
334,27,morbi5,http://nymag.com/tortor/id/nulla/ultrices.xml
335,87,sollicitudin0,https://odnoklassniki.ru/vel/dapibus/at.jsp
336,90,rhoncus4,http://hp.com/suspendisse/accumsan/tortor.jpg
337,2,nullam45,https://discovery.com/justo/etiam/pretium.jpg
338,122,nisi47,https://illinois.edu/cubilia/curae/nulla/dapibus.json
339,9,cubilia31,http://ucla.edu/odio/in/hac/habitasse.jsp
340,81,nisl50,https://barnesandnoble.com/nam/dui/proin/leo/odio.xml
341,29,orci50,http://xing.com/est/phasellus.json
342,61,nulla23,https://aol.com/sapien.aspx
343,104,pharetra47,http://ucoz.com/elit/sodales/scelerisque/mauris/sit.json
344,44,at34,http://clickbank.net/parturient/montes.json
345,119,montes4,https://mysql.com/dolor/sit/amet/consectetuer.jsp
346,45,consequat14,https://t.co/ante.js
347,119,suspendisse50,https://bravesites.com/erat/tortor/sollicitudin/mi.html
348,137,cras15,https://narod.ru/nullam.jpg
349,128,donec11,https://redcross.org/vivamus.aspx
350,79,ipsum12,https://gmpg.org/adipiscing/molestie/hendrerit/at/vulputate/vitae.html
351,76,eu42,https://howstuffworks.com/eget/semper/rutrum.html
352,18,nibh25,https://shinystat.com/bibendum/felis/sed/interdum.xml
353,45,nulla23,https://hatena.ne.jp/rhoncus/mauris.html
354,121,cum24,http://wired.com/libero/nam/dui.aspx
355,142,cubilia19,http://bbb.org/habitasse/platea.json
356,28,dapibus35,http://arstechnica.com/in/hac/habitasse/platea/dictumst/aliquam/augue.json
357,134,adipiscing18,https://flavors.me/augue/a.jpg
358,146,magna13,http://people.com.cn/integer.xml
359,40,integer32,http://addthis.com/sit.aspx
360,129,sed2,http://senate.gov/vel/accumsan/tellus/nisi/eu.aspx
361,72,nunc14,http://cbsnews.com/accumsan/tortor/quis/turpis/sed.jsp
362,121,ipsum1,https://cyberchimps.com/ac/consequat/metus.jsp
363,31,vestibulum13,http://e-recht24.de/in/magna/bibendum/imperdiet.jpg
364,23,nulla19,https://jiathis.com/amet/sem/fusce/consequat/nulla/nisl/nunc.json
365,150,accumsan39,https://patch.com/orci/eget/orci/vehicula.js
366,70,id19,https://zdnet.com/orci/vehicula/condimentum/curabitur/in.json
367,92,sit8,https://berkeley.edu/eleifend/luctus/ultricies.png
368,52,nisl38,http://hostgator.com/id/ligula/suspendisse/ornare.html
369,125,rutrum4,https://miibeian.gov.cn/eget/orci/vehicula/condimentum/curabitur/in/libero.js
370,79,rhoncus3,https://deliciousdays.com/et/magnis.json
371,43,ultrices30,https://linkedin.com/est/lacinia/nisi/venenatis.json
372,58,lacinia21,http://de.vu/eros/elementum/pellentesque/quisque/porta.html
373,13,felis42,http://narod.ru/augue/luctus/tincidunt/nulla/mollis/molestie.json
374,31,vel18,https://t-online.de/eget.xml
375,77,mollis45,http://youtu.be/orci.html
376,148,leo44,http://dot.gov/primis/in/faucibus/orci/luctus/et/ultrices.json
377,12,praesent21,http://walmart.com/neque/aenean/auctor/gravida.html
378,109,in15,https://spotify.com/lacinia/sapien/quis/libero/nullam/sit/amet.aspx
379,114,nibh14,http://cdbaby.com/ante/vivamus/tortor.html
380,121,nibh48,https://angelfire.com/platea/dictumst/morbi/vestibulum/velit.jsp
381,49,neque0,https://free.fr/massa/id/nisl/venenatis/lacinia.jsp
382,22,rhoncus29,https://liveinternet.ru/enim/leo/rhoncus/sed/vestibulum/sit/amet.xml
383,130,ut37,http://boston.com/quisque.png
384,72,nibh50,https://w3.org/tristique/est/et/tempus.json
385,66,tristique49,http://vimeo.com/pellentesque.xml
386,71,augue48,https://phpbb.com/ultrices/erat.html
387,79,odio26,https://mysql.com/sed.jpg
388,46,ligula41,https://narod.ru/est/donec/odio.js
389,17,varius12,http://i2i.jp/sem/duis/aliquam/convallis/nunc.aspx
390,40,quis31,https://last.fm/ullamcorper/augue/a/suscipit/nulla/elit.jsp
391,83,lorem18,http://google.com.au/ligula/in/lacus/curabitur/at/ipsum.png
392,32,vestibulum32,https://elpais.com/nam/ultrices/libero/non/mattis/pulvinar/nulla.aspx
393,62,volutpat47,https://twitpic.com/posuere/nonummy/integer.json
394,81,lectus20,http://google.es/eu/orci/mauris/lacinia/sapien.js
395,3,platea20,http://wp.com/magnis/dis/parturient/montes.json
396,56,purus33,https://vimeo.com/et.html
397,10,nullam27,https://yandex.ru/parturient/montes/nascetur/ridiculus/mus/etiam.xml
398,56,odio4,http://vimeo.com/ut/erat/id.js
399,17,vestibulum29,http://scribd.com/nunc/purus.html
400,127,platea27,https://devhub.com/adipiscing/elit/proin/risus.aspx
401,110,dictumst26,https://google.pl/ut/massa/volutpat/convallis/morbi/odio.xml
402,117,volutpat5,http://wunderground.com/erat/volutpat/in/congue/etiam/justo/etiam.aspx
403,72,iaculis43,http://hexun.com/pellentesque/volutpat/dui.xml
404,40,luctus19,https://bloglovin.com/tellus/semper/interdum/mauris/ullamcorper.png
405,76,sed21,http://fotki.com/rutrum/ac/lobortis/vel/dapibus.json
406,55,erat1,https://europa.eu/orci/vehicula.png
407,27,turpis27,https://meetup.com/luctus/et/ultrices/posuere/cubilia/curae.png
408,47,pretium21,http://amazon.com/eros.jsp
409,14,sit36,http://163.com/ut/mauris/eget.jpg
410,7,nulla45,http://51.la/id/sapien/in.json
411,20,rhoncus20,https://sourceforge.net/sapien/sapien/non.png
412,14,est17,https://upenn.edu/elit/sodales/scelerisque.aspx
413,115,suspendisse32,http://telegraph.co.uk/lectus/suspendisse/potenti/in/eleifend.png
414,134,ligula11,http://alibaba.com/consectetuer/eget/rutrum/at/lorem/integer.json
415,3,consectetuer14,https://slideshare.net/mi/sit/amet/lobortis/sapien.xml
416,111,adipiscing44,http://toplist.cz/id.png
417,94,blandit42,https://mac.com/vivamus/metus/arcu.png
418,51,ipsum8,http://alexa.com/quis.aspx
419,41,vulputate32,https://php.net/leo.jsp
420,118,donec2,http://xinhuanet.com/curabitur/gravida/nisi/at/nibh.aspx
421,17,duis36,https://etsy.com/diam.xml
422,78,magna49,https://cmu.edu/tempus/sit/amet/sem/fusce/consequat.json
423,20,dictumst6,https://cyberchimps.com/molestie/nibh/in/lectus.json
424,19,blandit50,https://bravesites.com/dolor/quis/odio/consequat/varius/integer/ac.png
425,129,sit34,https://php.net/luctus/et.aspx
426,128,in19,https://abc.net.au/porttitor/id/consequat/in/consequat.jsp
427,85,at36,https://opensource.org/vulputate/luctus/cum/sociis/natoque.json
428,142,mauris47,http://prweb.com/dictumst/etiam/faucibus.js
429,6,quis24,http://nbcnews.com/scelerisque/mauris/sit/amet/eros.jsp
430,122,commodo13,https://topsy.com/donec/ut/mauris/eget/massa/tempor.html
431,143,pellentesque47,https://diigo.com/vel/sem.js
432,16,scelerisque18,http://moonfruit.com/at/nibh/in.jsp
433,106,sapien28,http://wired.com/mi/pede/malesuada/in.xml
434,13,eget35,http://yale.edu/tellus/nisi/eu/orci.js
435,130,imperdiet11,https://google.ru/ipsum/primis/in.jpg
436,99,eget7,https://google.com/odio/condimentum/id/luctus.json
437,19,elementum17,http://blog.com/potenti/nullam/porttitor/lacus/at/turpis.xml
438,1,purus6,http://macromedia.com/convallis.html
439,59,luctus38,https://spotify.com/adipiscing.jpg
440,121,odio4,https://businessweek.com/platea/dictumst.js
441,95,aliquet24,https://newyorker.com/ut/suscipit/a/feugiat/et.jpg
442,67,luctus10,http://feedburner.com/nisl/nunc/nisl/duis/bibendum.js
443,130,augue10,http://sun.com/molestie/hendrerit/at/vulputate/vitae.json
444,37,pretium9,http://istockphoto.com/nec/dui/luctus/rutrum/nulla/tellus/in.jpg
445,56,etiam33,http://t.co/maecenas/rhoncus/aliquam/lacus.html
446,119,eget34,https://timesonline.co.uk/quisque/id/justo/sit/amet/sapien/dignissim.png
447,40,gravida41,https://tumblr.com/lacus/at.aspx
448,124,morbi12,https://google.com.au/consequat/lectus/in/est.aspx
449,150,dis30,https://icio.us/diam.jpg
450,66,felis49,https://buzzfeed.com/in/faucibus/orci/luctus/et/ultrices/posuere.jsp
451,129,sed22,http://huffingtonpost.com/eget/tincidunt/eget/tempus/vel/pede.html
452,39,quam48,http://jiathis.com/est.aspx
453,24,integer13,https://instagram.com/in/congue/etiam/justo/etiam/pretium.html
454,96,turpis10,https://bigcartel.com/rutrum/nulla/nunc/purus/phasellus.aspx
455,130,morbi45,http://nytimes.com/lacus/morbi/sem/mauris/laoreet/ut.js
456,91,cubilia49,http://comsenz.com/elementum/in/hac/habitasse/platea/dictumst.js
457,36,vestibulum37,http://dion.ne.jp/feugiat/non/pretium.xml
458,68,luctus20,https://quantcast.com/sapien/ut/nunc/vestibulum/ante.png
459,6,morbi36,http://miibeian.gov.cn/consequat/in/consequat.jsp
460,79,a49,http://yellowpages.com/dui/proin/leo/odio/porttitor/id.jsp
461,54,sit22,http://google.fr/amet/consectetuer/adipiscing/elit/proin.jpg
462,110,ut16,http://tinyurl.com/risus/semper/porta/volutpat.jpg
463,4,nunc49,http://nasa.gov/parturient/montes.jpg
464,119,erat19,http://163.com/magna.xml
465,144,ut30,http://biblegateway.com/aenean/auctor/gravida/sem.html
466,23,aenean45,http://google.it/amet/nulla/quisque/arcu/libero/rutrum.json
467,148,nisl3,https://earthlink.net/diam/neque/vestibulum/eget/vulputate/ut.json
468,72,nec7,https://wordpress.org/adipiscing/lorem/vitae/mattis/nibh/ligula/nec.jpg
469,43,dui2,http://pbs.org/eleifend/luctus/ultricies/eu/nibh/quisque.jsp
470,22,nonummy9,https://dmoz.org/tortor/risus/dapibus.html
471,39,nullam43,https://so-net.ne.jp/vel/nisl/duis/ac/nibh/fusce.jsp
472,113,blandit47,https://cpanel.net/dui/maecenas/tristique/est/et.json
473,42,amet0,http://woothemes.com/nulla/sed/vel/enim/sit/amet.jsp
474,6,iaculis26,https://timesonline.co.uk/in/imperdiet/et/commodo/vulputate/justo/in.xml
475,76,ac33,https://spotify.com/natoque/penatibus/et/magnis/dis.json
476,82,eu41,https://opera.com/ante/ipsum/primis/in/faucibus/orci/luctus.png
477,37,sed46,http://ebay.co.uk/turpis/sed/ante/vivamus.png
478,136,sit45,http://unicef.org/blandit.png
479,15,justo20,https://delicious.com/sed/nisl/nunc/rhoncus/dui.png
480,120,purus22,http://csmonitor.com/sociis.png
481,81,in49,https://google.com.br/erat.xml
482,48,ac47,https://ucoz.com/pellentesque/volutpat/dui/maecenas/tristique/est/et.png
483,128,nunc20,https://scribd.com/leo/odio/condimentum/id/luctus/nec/molestie.aspx
484,116,quis22,http://eventbrite.com/morbi/sem/mauris/laoreet/ut/rhoncus/aliquet.html
485,100,vel33,http://smugmug.com/vulputate/vitae/nisl/aenean.html
486,128,eu40,http://123-reg.co.uk/eu/est/congue/elementum.js
487,38,odio29,https://altervista.org/curae/donec/pharetra.json
488,134,enim24,http://msu.edu/ut/at/dolor/quis/odio/consequat/varius.xml
489,9,cubilia24,http://uol.com.br/ut.png
490,56,morbi40,http://bluehost.com/pellentesque/ultrices/mattis/odio/donec/vitae.xml
491,54,nunc41,http://tamu.edu/rutrum/nulla/tellus/in.aspx
492,130,donec5,https://soundcloud.com/curae/nulla/dapibus/dolor/vel.xml
493,74,sit20,http://blogs.com/sed/tristique/in/tempus/sit/amet.xml
494,148,augue47,https://wix.com/suscipit/ligula/in/lacus/curabitur/at/ipsum.json
495,100,ante46,http://reddit.com/ac/est/lacinia/nisi.jpg
496,105,ac40,https://npr.org/ac/lobortis.jsp
497,100,non19,http://free.fr/ante.png
498,105,id30,https://alexa.com/justo/lacinia/eget/tincidunt.aspx
499,57,odio47,http://soundcloud.com/nonummy/integer/non.aspx
500,73,sed46,https://engadget.com/lacus/morbi.jsp
