id,name
1,Yozio19
2,Pixope66
3,Mybuzz31
4,Ntag45
5,Muxo76
6,Quamba67
7,Rhynyx94
8,Browsezoom8
9,Youopia50
10,Photojam94
11,Wordtune18
12,Linkbuzz92
13,Mydo90
14,Voonyx8
15,Avamba4
16,Blogspan93
17,Snaptags2
18,Riffpedia20
19,Lazzy1
20,Oyoba19
21,Innojam99
22,DabZ94
23,Kanoodle89
24,Tambee15
25,Jetpulse76
26,Fatz28
27,Yakijo28
28,Kimia12
29,Meeveo26
30,Demimbu16
31,Midel98
32,Dabshots46
33,Jamia52
34,Roombo79
35,Twimbo70
36,Demivee57
37,Feedmix24
38,Gabtune16
39,Dynava44
40,Oyoba87
41,Livetube100
42,Meejo44
43,Devpoint27
44,Kare82
45,Wikizz2
46,Divavu29
47,Dabjam16
48,Janyx67
49,BlogXS27
50,Zoombox23
51,Skyndu17
52,Yabox19
53,Layo5
54,Yoveo54
55,Mybuzz61
56,Fliptune91
57,Oba50
58,Flipstorm36
59,BlogXS58
60,Twitterworks93
61,Twitterlist18
62,Rhycero84
63,Avaveo45
64,Oozz97
65,Youspan23
66,Wikivu35
67,Browsebug95
68,Jazzy35
69,Babbleset69
70,Quatz19
71,Pixoboo66
72,Minyx0
73,Kazio11
74,Brainbox86
75,Skippad44
76,Yodo4
77,Zoonder7
78,Browsetype26
79,Livetube56
80,Skajo18
81,Twitterworks99
82,Blognation16
83,Realbuzz38
84,Plajo77
85,Dabjam28
86,Tazzy98
87,Jabbersphere37
88,Centidel53
89,Gabtune35
90,Omba94
91,Oyoba77
92,Gabspot84
93,Realcube12
94,Mydo25
95,Zoovu35
96,Wikizz22
97,Skidoo93
98,Innojam75
99,Shufflester31
100,Thoughtsphere26
