id,name,description,themeId
1,risus10,"Maecenas leo odio, condimentum id, luctus nec, molestie sed, justo. Pellentesque viverra pede ac diam. Cras pellentesque volutpat dui.",1
2,etiam20,"In hac habitasse platea dictumst. Morbi vestibulum, velit id pretium iaculis, diam erat fermentum justo, nec condimentum neque sapien placerat ante. Nulla justo.",15
3,velit42,"Mauris enim leo, rhoncus sed, vestibulum sit amet, cursus id, turpis. Integer aliquet, massa id lobortis convallis, tortor risus dapibus augue, vel accumsan tellus nisi eu orci. Mauris lacinia sapien quis libero.",4
4,sapien33,"In hac habitasse platea dictumst. Morbi vestibulum, velit id pretium iaculis, diam erat fermentum justo, nec condimentum neque sapien placerat ante. Nulla justo.",8
5,gravida17,"Morbi porttitor lorem id ligula. Suspendisse ornare consequat lectus. In est risus, auctor sed, tristique in, tempus sit amet, sem.",15
6,mattis15,Suspendisse potenti. In eleifend quam a odio. In hac habitasse platea dictumst.,13
7,blandit22,Aenean lectus. Pellentesque eget nunc. Donec quis orci eget orci vehicula condimentum.,17
8,semper45,"Mauris enim leo, rhoncus sed, vestibulum sit amet, cursus id, turpis. Integer aliquet, massa id lobortis convallis, tortor risus dapibus augue, vel accumsan tellus nisi eu orci. Mauris lacinia sapien quis libero.",13
9,lorem9,Phasellus in felis. Donec semper sapien a libero. Nam dui.,30
10,id38,Duis bibendum. Morbi non quam nec dui luctus rutrum. Nulla tellus.,12
11,lectus39,"In sagittis dui vel nisl. Duis ac nibh. Fusce lacus purus, aliquet at, feugiat non, pretium quis, lectus.",14
12,donec42,In congue. Etiam justo. Etiam pretium iaculis justo.,28
13,quam5,"Fusce posuere felis sed lacus. Morbi sem mauris, laoreet ut, rhoncus aliquet, pulvinar sed, nisl. Nunc rhoncus dui vel sem.",28
14,adipiscing18,"Fusce posuere felis sed lacus. Morbi sem mauris, laoreet ut, rhoncus aliquet, pulvinar sed, nisl. Nunc rhoncus dui vel sem.",21
15,lacinia28,"Cum sociis natoque penatibus et magnis dis parturient montes, nascetur ridiculus mus. Vivamus vestibulum sagittis sapien. Cum sociis natoque penatibus et magnis dis parturient montes, nascetur ridiculus mus.",25
16,vitae16,"Morbi non lectus. Aliquam sit amet diam in magna bibendum imperdiet. Nullam orci pede, venenatis non, sodales sed, tincidunt eu, felis.",13
17,rutrum29,Fusce consequat. Nulla nisl. Nunc nisl.,23
18,sapien18,Duis consequat dui nec nisi volutpat eleifend. Donec ut dolor. Morbi vel lectus in quam fringilla rhoncus.,17
19,lorem8,"Vestibulum ac est lacinia nisi venenatis tristique. Fusce congue, diam id ornare imperdiet, sapien urna pretium nisl, ut volutpat sapien arcu sed augue. Aliquam erat volutpat.",5
20,donec27,Aenean lectus. Pellentesque eget nunc. Donec quis orci eget orci vehicula condimentum.,30
21,venenatis5,"Lorem ipsum dolor sit amet, consectetuer adipiscing elit. Proin risus. Praesent lectus.",6
22,sapien30,Nullam sit amet turpis elementum ligula vehicula consequat. Morbi a ipsum. Integer a nibh.,12
23,morbi2,Sed ante. Vivamus tortor. Duis mattis egestas metus.,19
24,bibendum39,"In hac habitasse platea dictumst. Morbi vestibulum, velit id pretium iaculis, diam erat fermentum justo, nec condimentum neque sapien placerat ante. Nulla justo.",16
25,sed6,"Morbi non lectus. Aliquam sit amet diam in magna bibendum imperdiet. Nullam orci pede, venenatis non, sodales sed, tincidunt eu, felis.",27
26,turpis5,Maecenas ut massa quis augue luctus tincidunt. Nulla mollis molestie lorem. Quisque ut erat.,7
27,massa39,Aenean lectus. Pellentesque eget nunc. Donec quis orci eget orci vehicula condimentum.,8
28,ipsum34,"In hac habitasse platea dictumst. Morbi vestibulum, velit id pretium iaculis, diam erat fermentum justo, nec condimentum neque sapien placerat ante. Nulla justo.",2
29,in12,Suspendisse potenti. In eleifend quam a odio. In hac habitasse platea dictumst.,7
30,nulla29,Phasellus sit amet erat. Nulla tempus. Vivamus in felis eu sapien cursus vestibulum.,14
31,nulla4,Phasellus sit amet erat. Nulla tempus. Vivamus in felis eu sapien cursus vestibulum.,16
32,fusce33,"Praesent blandit. Nam nulla. Integer pede justo, lacinia eget, tincidunt eget, tempus vel, pede.",1
33,at27,In hac habitasse platea dictumst. Etiam faucibus cursus urna. Ut tellus.,6
34,porttitor10,Aliquam quis turpis eget elit sodales scelerisque. Mauris sit amet eros. Suspendisse accumsan tortor quis turpis.,9
35,dui9,Phasellus in felis. Donec semper sapien a libero. Nam dui.,10
36,in11,"Curabitur in libero ut massa volutpat convallis. Morbi odio odio, elementum eu, interdum eu, tincidunt in, leo. Maecenas pulvinar lobortis est.",24
37,lacinia27,Fusce consequat. Nulla nisl. Nunc nisl.,18
38,suscipit42,Phasellus in felis. Donec semper sapien a libero. Nam dui.,19
39,consequat20,Fusce consequat. Nulla nisl. Nunc nisl.,21
40,hac6,Suspendisse potenti. In eleifend quam a odio. In hac habitasse platea dictumst.,7
41,nulla49,Integer ac leo. Pellentesque ultrices mattis odio. Donec vitae nisi.,15
42,a45,"Mauris enim leo, rhoncus sed, vestibulum sit amet, cursus id, turpis. Integer aliquet, massa id lobortis convallis, tortor risus dapibus augue, vel accumsan tellus nisi eu orci. Mauris lacinia sapien quis libero.",10
43,in49,"Vestibulum quam sapien, varius ut, blandit non, interdum in, ante. Vestibulum ante ipsum primis in faucibus orci luctus et ultrices posuere cubilia Curae; Duis faucibus accumsan odio. Curabitur convallis.",26
44,euismod5,"Proin interdum mauris non ligula pellentesque ultrices. Phasellus id sapien in sapien iaculis congue. Vivamus metus arcu, adipiscing molestie, hendrerit at, vulputate vitae, nisl.",27
45,posuere6,Duis aliquam convallis nunc. Proin at turpis a pede posuere nonummy. Integer non velit.,26
46,pede3,Integer ac leo. Pellentesque ultrices mattis odio. Donec vitae nisi.,19
47,luctus22,Maecenas ut massa quis augue luctus tincidunt. Nulla mollis molestie lorem. Quisque ut erat.,18
48,sapien4,"Lorem ipsum dolor sit amet, consectetuer adipiscing elit. Proin risus. Praesent lectus.",27
49,fusce23,Phasellus sit amet erat. Nulla tempus. Vivamus in felis eu sapien cursus vestibulum.,19
50,at10,"Mauris enim leo, rhoncus sed, vestibulum sit amet, cursus id, turpis. Integer aliquet, massa id lobortis convallis, tortor risus dapibus augue, vel accumsan tellus nisi eu orci. Mauris lacinia sapien quis libero.",30
51,porttitor16,Nullam porttitor lacus at turpis. Donec posuere metus vitae ipsum. Aliquam non mauris.,3
52,eleifend49,Nulla ut erat id mauris vulputate elementum. Nullam varius. Nulla facilisi.,28
53,nullam1,"Mauris enim leo, rhoncus sed, vestibulum sit amet, cursus id, turpis. Integer aliquet, massa id lobortis convallis, tortor risus dapibus augue, vel accumsan tellus nisi eu orci. Mauris lacinia sapien quis libero.",22
54,sit11,Nullam porttitor lacus at turpis. Donec posuere metus vitae ipsum. Aliquam non mauris.,21
55,lectus33,"Duis bibendum, felis sed interdum venenatis, turpis enim blandit mi, in porttitor pede justo eu massa. Donec dapibus. Duis at velit eu est congue elementum.",3
56,vestibulum17,Phasellus in felis. Donec semper sapien a libero. Nam dui.,13
57,morbi38,"Donec diam neque, vestibulum eget, vulputate ut, ultrices vel, augue. Vestibulum ante ipsum primis in faucibus orci luctus et ultrices posuere cubilia Curae; Donec pharetra, magna vestibulum aliquet ultrices, erat tortor sollicitudin mi, sit amet lobortis sapien sapien non mi. Integer ac neque.",1
58,morbi48,"Vestibulum quam sapien, varius ut, blandit non, interdum in, ante. Vestibulum ante ipsum primis in faucibus orci luctus et ultrices posuere cubilia Curae; Duis faucibus accumsan odio. Curabitur convallis.",25
59,arcu16,"Nam ultrices, libero non mattis pulvinar, nulla pede ullamcorper augue, a suscipit nulla elit ac nulla. Sed vel enim sit amet nunc viverra dapibus. Nulla suscipit ligula in lacus.",8
60,sem16,Etiam vel augue. Vestibulum rutrum rutrum neque. Aenean auctor gravida sem.,28
61,ultrices5,Duis aliquam convallis nunc. Proin at turpis a pede posuere nonummy. Integer non velit.,24
62,rutrum39,"Proin interdum mauris non ligula pellentesque ultrices. Phasellus id sapien in sapien iaculis congue. Vivamus metus arcu, adipiscing molestie, hendrerit at, vulputate vitae, nisl.",12
63,est13,"Lorem ipsum dolor sit amet, consectetuer adipiscing elit. Proin risus. Praesent lectus.",9
64,ipsum17,"Curabitur in libero ut massa volutpat convallis. Morbi odio odio, elementum eu, interdum eu, tincidunt in, leo. Maecenas pulvinar lobortis est.",19
65,eros6,In congue. Etiam justo. Etiam pretium iaculis justo.,21
66,magnis24,Pellentesque at nulla. Suspendisse potenti. Cras in purus eu magna vulputate luctus.,18
67,nunc48,"Lorem ipsum dolor sit amet, consectetuer adipiscing elit. Proin risus. Praesent lectus.",9
68,suspendisse50,"Morbi non lectus. Aliquam sit amet diam in magna bibendum imperdiet. Nullam orci pede, venenatis non, sodales sed, tincidunt eu, felis.",22
69,duis18,Etiam vel augue. Vestibulum rutrum rutrum neque. Aenean auctor gravida sem.,3
70,consectetuer43,"Maecenas leo odio, condimentum id, luctus nec, molestie sed, justo. Pellentesque viverra pede ac diam. Cras pellentesque volutpat dui.",30
71,lobortis50,"Fusce posuere felis sed lacus. Morbi sem mauris, laoreet ut, rhoncus aliquet, pulvinar sed, nisl. Nunc rhoncus dui vel sem.",5
72,vitae32,Integer tincidunt ante vel ipsum. Praesent blandit lacinia erat. Vestibulum sed magna at nunc commodo placerat.,4
73,nunc15,"Quisque porta volutpat erat. Quisque erat eros, viverra eget, congue eget, semper rutrum, nulla. Nunc purus.",15
74,amet17,"Fusce posuere felis sed lacus. Morbi sem mauris, laoreet ut, rhoncus aliquet, pulvinar sed, nisl. Nunc rhoncus dui vel sem.",1
75,volutpat50,"Mauris enim leo, rhoncus sed, vestibulum sit amet, cursus id, turpis. Integer aliquet, massa id lobortis convallis, tortor risus dapibus augue, vel accumsan tellus nisi eu orci. Mauris lacinia sapien quis libero.",14
76,amet14,"Morbi porttitor lorem id ligula. Suspendisse ornare consequat lectus. In est risus, auctor sed, tristique in, tempus sit amet, sem.",24
77,dui40,"Aenean fermentum. Donec ut mauris eget massa tempor convallis. Nulla neque libero, convallis eget, eleifend luctus, ultricies eu, nibh.",17
78,quisque14,"Nam ultrices, libero non mattis pulvinar, nulla pede ullamcorper augue, a suscipit nulla elit ac nulla. Sed vel enim sit amet nunc viverra dapibus. Nulla suscipit ligula in lacus.",7
79,lacus34,Integer tincidunt ante vel ipsum. Praesent blandit lacinia erat. Vestibulum sed magna at nunc commodo placerat.,7
80,tincidunt10,"Proin eu mi. Nulla ac enim. In tempor, turpis nec euismod scelerisque, quam turpis adipiscing lorem, vitae mattis nibh ligula nec sem.",2
81,nullam36,"Praesent blandit. Nam nulla. Integer pede justo, lacinia eget, tincidunt eget, tempus vel, pede.",20
82,donec14,"Morbi porttitor lorem id ligula. Suspendisse ornare consequat lectus. In est risus, auctor sed, tristique in, tempus sit amet, sem.",13
83,vitae23,Duis consequat dui nec nisi volutpat eleifend. Donec ut dolor. Morbi vel lectus in quam fringilla rhoncus.,22
84,eros15,"Nam ultrices, libero non mattis pulvinar, nulla pede ullamcorper augue, a suscipit nulla elit ac nulla. Sed vel enim sit amet nunc viverra dapibus. Nulla suscipit ligula in lacus.",6
85,duis40,Etiam vel augue. Vestibulum rutrum rutrum neque. Aenean auctor gravida sem.,6
86,pede40,Phasellus in felis. Donec semper sapien a libero. Nam dui.,4
87,a2,"In hac habitasse platea dictumst. Morbi vestibulum, velit id pretium iaculis, diam erat fermentum justo, nec condimentum neque sapien placerat ante. Nulla justo.",13
88,quis44,In hac habitasse platea dictumst. Etiam faucibus cursus urna. Ut tellus.,13
89,nec8,Phasellus sit amet erat. Nulla tempus. Vivamus in felis eu sapien cursus vestibulum.,17
90,augue29,"In hac habitasse platea dictumst. Morbi vestibulum, velit id pretium iaculis, diam erat fermentum justo, nec condimentum neque sapien placerat ante. Nulla justo.",18
